,Unnamed: 0.1,Unnamed: 0,paragraph,append,dialogue,speaker,addressee,subject,sentiment,chapter,syntactic,referringExpression
2,2,2,3,"There was nothing so _very_ remarkable in that; nor did Alice think it so _very_ much out of the way to hear the Rabbit say to itself,  /newquote  (when she thought it over afterwards, it occurred to her that she ought to have wondered at this, but at the time it all seemed quite natural); but when the Rabbit actually _took a watch out of its waistcoat-pocket_, and looked at it, and then hurried on, Alice started to her feet, for it flashed across her mind that she had never before seen a rabbit with either a waistcoat-pocket, or a watch to take out of it, and burning with curiosity, she ran across the field after it, and fortunately was just in time to see it pop down a large rabbit-hole under the hedge.",Oh dear! Oh dear! I shall be late!,The White Rabbit,The White Rabbit,NO MONOLOGUE,0,1,Explicit,the Rabbit say to itself
6,6,6,7," thought Alice to herself,  /newquote  (Which was very likely true.)","Well! /newquote after such a fall as this, I shall think nothing of tumbling down stairs! How brave they'll all think me at home! Why, I wouldn't say anything about it, even if I fell off the top of the house!",Alice,[],NO MONOLOGUE,0,1,Explicit,thought Alice to herself
9,9,9,10,"Down, down, down. There was nothing else to do, so Alice soon began talking again.  /newquote  (Dinah was the cat.)  /newquote  And here Alice began to get rather sleepy, and went on saying to herself, in a dreamy sort of way,  /newquote  and sometimes,  /newquote  for, you see, as she couldn't answer either question, it didn't much matter which way she put it. She felt that she was dozing off, and had just begun to dream that she was walking hand in hand with Dinah, and saying to her very earnestly,  /newquote  when suddenly, thump! thump! down she came upon a heap of sticks and dry leaves, and the fall was over.","Dinah'll miss me very much to-night, I should think! /newquote I hope they'll remember her saucer of milk at tea-time. Dinah my dear! I wish you were down here with me! There are no mice in the air, I'm afraid, but you might catch a bat, and that's very like a mouse, you know. But do cats eat bats, I wonder? /newquote Do cats eat bats? Do cats eat bats? /newquote Do bats eat cats? /newquote Now, Dinah, tell me the truth: did you ever eat a bat?",Alice,[],NO MONOLOGUE,0,1,Explicit,Alice began to get rather sleepy and went on saying to herself
21,21,21,22,"And so it was indeed: she was now only ten inches high, and her face brightened up at the thought that she was now the right size for going through the little door into that lovely garden. First, however, she waited for a few minutes to see if she was going to shrink any further: she felt a little nervous about this;  /newquote  said Alice to herself,  /newquote  And she tried to fancy what the flame of a candle is like after the candle is blown out, for she could not remember ever having seen such a thing.","for it might end, you know, /newquote in my going out altogether, like a candle. I wonder what I should be like then?",Alice,[],NO MONOLOGUE,0,1,Explicit,said Alice to herself
25,25,25,26,"She ate a little bit, and said anxiously to herself,  /newquote , holding her hand on the top of her head to feel which way it was growing, and she was quite surprised to find that she remained the same size: to be sure, this generally happens when one eats cake, but Alice had got so much into the way of expecting nothing but out-of-the-way things to happen, that it seemed quite dull and stupid for life to go on in the common way.",Which way? Which way?,Alice,[],NO MONOLOGUE,0,1,Anaphoric,She ate a little bit and said anxiously to herself
38,38,38,39,"After a time she heard a little pattering of feet in the distance, and she hastily dried her eyes to see what was coming. It was the White Rabbit returning, splendidly dressed, with a pair of white kid gloves in one hand and a large fan in the other: he came trotting along in a great hurry, muttering to himself as he came,  /newquote  Alice felt so desperate that she was ready to ask help of any one; so, when the Rabbit came near her, she began, in a low, timid voice,  /newquote  The Rabbit started violently, dropped the white kid gloves and the fan, and skurried away into the darkness as hard as he could go.","Oh! the Duchess, the Duchess! Oh! won't she be savage if I've kept her waiting! /newquote If you please, sir--",The White Rabbit,Alice,NO MONOLOGUE,0,2,Anaphoric,he came trotting along in a great hurry muttering to himself
46,46,46,47,"As she said these words her foot slipped, and in another moment, splash! she was up to her chin in salt water. Her first idea was that she had somehow fallen into the sea,  /newquote  she said to herself. (Alice had been to the seaside once in her life, and had come to the general conclusion, that wherever you go to on the English coast you find a number of bathing machines in the sea, some children digging in the sand with wooden spades, then a row of lodging houses, and behind them a railway station.) However, she soon made out that she was in the pool of tears which she had wept when she was nine feet high.","and in that case I can go back by railway,",The White Rabbit,Alice,NO MONOLOGUE,0,2,Anaphoric,she said to herself
51,51,51,52," cried the Mouse, in a shrill, passionate voice. ",Not like cats! /newquote Would _you_ like cats if you were me?,The Mouse,Alice,NO MONOLOGUE,0,2,Explicit,cried the Mouse
52,52,52,53," said Alice in a soothing tone:  /newquote  Alice went on, half to herself, as she swam lazily about in the pool,  /newquote  cried Alice again, for this time the Mouse was bristling all over, and she felt certain it must be really offended. ","Well, perhaps not, /newquote don't be angry about it. And yet I wish I could show you our cat Dinah: I think you'd take a fancy to cats if you could only see her. She is such a dear quiet thing, /newquote and she sits purring so nicely by the fire, licking her paws and washing her face--and she is such a nice soft thing to nurse--and she's such a capital one for catching mice--oh, I beg your pardon! /newquote We won't talk about her any more if you'd rather not.",Alice,The Mouse,NO MONOLOGUE,0,2,Explicit,said Alice
53,53,53,54," cried the Mouse, who was trembling down to the end of his tail. ","We indeed! /newquote As if _I_ would talk on such a subject! Our family always _hated_ cats: nasty, low, vulgar things! Don't let me hear the name again!",The Mouse,Alice,NO MONOLOGUE,0,2,Explicit,cried the Mouse
54,54,54,55," said Alice, in a great hurry to change the subject of conversation.  /newquote  The Mouse did not answer, so Alice went on eagerly:  /newquote  cried Alice in a sorrowful tone,  /newquote  For the Mouse was swimming away from her as hard as it could go, and making quite a commotion in the pool as it went.","I won't indeed! /newquote Are you--are you fond--of--of dogs? /newquote There is such a nice little dog near our house I should like to show you! A little bright-eyed terrier, you know, with oh, such long curly brown hair! And it'll fetch things when you throw them, and it'll sit up and beg for its dinner, and all sorts of things--I can't remember half of them--and it belongs to a farmer, you know, and he says it's so useful, it's worth a hundred pounds! He says it kills all the rats and--oh dear! /newquote I'm afraid I've offended it again!",Alice,The Mouse,NO MONOLOGUE,0,2,Explicit,Alice
55,55,55,56,"So she called softly after it,  /newquote  When the Mouse heard this, it turned round and swam slowly back to her: its face was quite pale (with passion, Alice thought), and it said in a low trembling voice, ","Mouse dear! Do come back again, and we won't talk about cats or dogs either, if you don't like them! /newquote Let us get to the shore, and then I'll tell you my history, and you'll understand why it is I hate cats and dogs.",The Mouse,Alice,NO MONOLOGUE,0,2,Anaphoric,it said
105,105,105,106," she said to herself in a melancholy tone.  /newquote  And here poor Alice began to cry again, for she felt very lonely and low-spirited. In a little while, however, she again heard a little pattering of footsteps in the distance, and she looked up eagerly, half hoping that the Mouse had changed his mind, and was coming back to finish his story.","I wish I hadn't mentioned Dinah! /newquote Nobody seems to like her, down here, and I'm sure she's the best cat in the world! Oh, my dear Dinah! I wonder if I shall ever see you any more!",Alice,"['An Old Crab', 'The Lory', 'Old Magpie']",NO MONOLOGUE,0,3,Anaphoric,she said to herself
107,107,107,108,"It was the White Rabbit, trotting slowly back again, and looking anxiously about as it went, as if it had lost something; and she heard it muttering to itself  /newquote  Alice guessed in a moment that it was looking for the fan and the pair of white kid gloves, and she very good-naturedly began hunting about for them, but they were nowhere to be seen--everything seemed to have changed since her swim in the pool, and the great hall, with the glass table and the little door, had vanished completely.","The Duchess! The Duchess! Oh my dear paws! Oh my fur and whiskers! She'll get me executed, as sure as ferrets are ferrets! Where _can_ I have dropped them, I wonder?",The White Rabbit,Alice,NO MONOLOGUE,0,4,Anaphoric,it muttering to itself
108,108,108,109,"Very soon the Rabbit noticed Alice, as she went hunting about, and called out to her in an angry tone,  /newquote  And Alice was so much frightened that she ran off at once in the direction it pointed to, without trying to explain the mistake it had made.","Why, Mary Ann, what _are_ you doing out here? Run home this moment, and fetch me a pair of gloves and a fan! Quick, now!",The White Rabbit,Alice,NO MONOLOGUE,0,4,Explicit,the Rabbit noticed Alice as she went hunting about and called out to her
109,109,109,110," she said to herself as she ran.  /newquote  As she said this, she came upon a neat little house, on the door of which was a bright brass plate with the name  /newquote  engraved upon it. She went in without knocking, and hurried upstairs, in great fear lest she should meet the real Mary Ann, and be turned out of the house before she had found the fan and gloves.","He took me for his housemaid, /newquote How surprised he'll be when he finds out who I am! But I'd better take him his fan and gloves--that is, if I can find them. /newquote W. RABBIT,",The White Rabbit,Alice,NO MONOLOGUE,0,4,Anaphoric,she said to herself
110,110,110,111," Alice said to herself,  /newquote  And she began fancying the sort of thing that would happen:  /newquote  Alice went on, ","How queer it seems, /newquote to be going messages for a rabbit! I suppose Dinah'll be sending me on messages next! /newquote 'Miss Alice! Come here directly, and get ready for your walk!' 'Coming in a minute, nurse! But I've got to see that the mouse doesn't get out.' Only I don't think, /newquote that they'd let Dinah stop in the house if it began ordering people about like that!",Alice,The White Rabbit,NO MONOLOGUE,0,4,Explicit,Alice said to herself
111,111,111,112,"By this time she had found her way into a tidy little room with a table in the window, and on it (as she had hoped) a fan and two or three pairs of tiny white kid gloves: she took up the fan and a pair of the gloves, and was just going to leave the room, when her eye fell upon a little bottle that stood near the looking-glass. There was no label this time with the words  /newquote  but nevertheless she uncorked it and put it to her lips.  /newquote  she said to herself, ","DRINK ME, /newquote I know _something_ interesting is sure to happen, /newquote whenever I eat or drink anything; so I'll just see what this bottle does. I do hope it'll make me grow large again, for really I'm quite tired of being such a tiny little thing!",The White Rabbit,Alice,NO MONOLOGUE,0,4,Anaphoric,she said to herself
112,112,112,113,"It did so indeed, and much sooner than she had expected: before she had drunk half the bottle, she found her head pressing against the ceiling, and had to stoop to save her neck from being broken. She hastily put down the bottle, saying to herself ","That's quite enough--I hope I shan't grow any more--As it is, I can't get out at the door--I do wish I hadn't drunk quite so much!",Alice,The White Rabbit,NO MONOLOGUE,0,4,Anaphoric,She hastily put down the bottle saying to herself
113,113,113,114,"Alas! it was too late to wish that! She went on growing, and growing, and very soon had to kneel down on the floor: in another minute there was not even room for this, and she tried the effect of lying down with one elbow against the door, and the other arm curled round her head. Still she went on growing, and, as a last resource, she put one arm out of the window, and one foot up the chimney, and said to herself ","Now I can do no more, whatever happens. What _will_ become of me?",The White Rabbit,Alice,NO MONOLOGUE,0,4,Anaphoric,she put one arm out of the window and one foot up the chimney and said to herself
117,117,117,118, she answered herself. ,"Oh, you foolish Alice! /newquote How can you learn lessons in here? Why, there's hardly room for _you_, and no room at all for any lesson-books!",Alice,[],NO MONOLOGUE,0,4,Anaphoric,she answered herself
119,119,119,120," said the voice.  /newquote  Then came a little pattering of feet on the stairs. Alice knew it was the Rabbit coming to look for her, and she trembled till she shook the house, quite forgetting that she was now about a thousand times as large as the Rabbit, and had no reason to be afraid of it.",Mary Ann! Mary Ann! /newquote Fetch me my gloves this moment!,The White Rabbit,"['The Mouse', 'Alice']",NO MONOLOGUE,0,4,Anaphoric,said the voice
122,122,122,123,"Next came an angry voice--the Rabbit's-- /newquote  And then a voice she had never heard before, ","Pat! Pat! Where are you? /newquote Sure then I'm here! Digging for apples, yer honour!",The White Rabbit,"['The Mouse', 'Alice']",NO MONOLOGUE,0,4,Implicit,
123,123,123,124, said the Rabbit angrily.  /newquote  (Sounds of more broken glass.),"Digging for apples, indeed! /newquote Here! Come and help me out of _this!_",The White Rabbit,"['The Mouse', 'Alice']",NO MONOLOGUE,0,4,Explicit,said the Rabbit
124,124,124,125,NO APPEND,"Now tell me, Pat, what's that in the window?",The White Rabbit,"['The Mouse', 'Alice']",NO MONOLOGUE,0,4,Implicit,
125,125,125,126, (He pronounced it  /newquote ),"Sure, it's an arm, yer honour! /newquote arrum.",The White Rabbit,"['The Mouse', 'Alice']",NO MONOLOGUE,0,4,Implicit,
126,126,126,127,NO APPEND,"An arm, you goose! Who ever saw one that size? Why, it fills the whole window!",The White Rabbit,"['The Mouse', 'Alice']",NO MONOLOGUE,0,4,Implicit,
127,127,127,128,NO APPEND,"Sure, it does, yer honour: but it's an arm for all that.",The White Rabbit,"['The Mouse', 'Alice']",NO MONOLOGUE,0,4,Implicit,
128,128,128,129,NO APPEND,"Well, it's got no business there, at any rate: go and take it away!",The White Rabbit,"['The Mouse', 'Alice']",NO MONOLOGUE,0,4,Implicit,
131,131,131,132, said Alice to herself. ,"Oh! So Bill's got to come down the chimney, has he? /newquote Shy, they seem to put everything upon Bill! I wouldn't be in Bill's place for a good deal: this fireplace is narrow, to be sure; but I _think_ I can kick a little!",Alice,"['The White Rabbit', 'The Mouse']",NO MONOLOGUE,0,4,Explicit,said Alice to herself
132,132,132,133,"She drew her foot as far down the chimney as she could, and waited till she heard a little animal (she couldn't guess of what sort it was) scratching and scrambling about in the chimney close above her: then, saying to herself  /newquote  she gave one sharp kick, and waited to see what would happen next.","This is Bill,",Alice,"['The White Rabbit', 'The Mouse']",NO MONOLOGUE,0,4,Anaphoric,saying to herself
137,137,137,138,"There was a dead silence instantly, and Alice thought to herself,  /newquote  After a minute or two, they began moving about again, and Alice heard the Rabbit say, ","I wonder what they _will_ do next! If they had any sense, they'd take the roof off. /newquote A barrowful will do, to begin with.",Alice,"['The White Rabbit', 'The Mouse']",NO MONOLOGUE,0,4,Explicit,Alice thought to herself
141,141,141,142," said Alice to herself, as she wandered about in the wood, ","The first thing I've got to do, /newquote is to grow to my right size again; and the second thing is to find my way into that lovely garden. I think that will be the best plan.",Alice,Alice,NO MONOLOGUE,0,4,Explicit,said Alice to herself
143,143,143,144,"An enormous puppy was looking down at her with large round eyes, and feebly stretching out one paw, trying to touch her.  /newquote  said Alice, in a coaxing tone, and she tried hard to whistle to it; but she was terribly frightened all the time at the thought that it might be hungry, in which case it would be very likely to eat her up in spite of all her coaxing.",Poor little thing!,Alice,An Enormous Puppy,NO MONOLOGUE,0,4,Explicit,said Alice
151,151,151,152, said the Caterpillar.,Who are _you?_,The Caterpillar,Alice,NO MONOLOGUE,0,5,Explicit,said the Caterpillar
152,152,152,153,"This was not an encouraging opening for a conversation. Alice replied, rather shyly, ","I--I hardly know, sir, just at present--at least I know who I _was_ when I got up this morning, but I think I must have been changed several times since then.",Alice,The Caterpillar,NO MONOLOGUE,0,5,Explicit,Alice replied
153,153,153,154, said the Caterpillar sternly. ,What do you mean by that? /newquote Explain yourself!,The Caterpillar,Alice,NO MONOLOGUE,0,5,Explicit,said the Caterpillar
154,154,154,155," said Alice, ","I can't explain _myself_, I'm afraid, sir, /newquote because I'm not myself, you see.",Alice,The Caterpillar,NO MONOLOGUE,0,5,Explicit,said Alice
155,155,155,156, said the Caterpillar.,"I don't see,",The Caterpillar,Alice,NO MONOLOGUE,0,5,Explicit,said the Caterpillar
156,156,156,157," Alice replied very politely, ","I'm afraid I can't put it more clearly, /newquote for I can't understand it myself to begin with; and being so many different sizes in a day is very confusing.",Alice,The Caterpillar,NO MONOLOGUE,0,5,Explicit,Alice replied
157,157,157,158, said the Caterpillar.,"It isn't,",The Caterpillar,Alice,NO MONOLOGUE,0,5,Explicit,said the Caterpillar
158,158,158,159, said Alice; ,"Well, perhaps you haven't found it so yet, /newquote but when you have to turn into a chrysalis--you will some day, you know--and then after that into a butterfly, I should think you'll feel it a little queer, won't you?",Alice,The Caterpillar,NO MONOLOGUE,0,5,Explicit,said Alice
159,159,159,160, said the Caterpillar.,"Not a bit,",The Caterpillar,Alice,NO MONOLOGUE,0,5,Explicit,said the Caterpillar
160,160,160,161, said Alice; ,"Well, perhaps your feelings may be different, /newquote all I know is, it would feel very queer to _me_.",Alice,The Caterpillar,NO MONOLOGUE,0,5,Explicit,said Alice
161,161,161,162, said the Caterpillar contemptuously. ,You! /newquote Who are _you?_,The Caterpillar,Alice,NO MONOLOGUE,0,5,Explicit,said the Caterpillar
162,162,162,163,"Which brought them back again to the beginning of the conversation. Alice felt a little irritated at the Caterpillar's making such _very_ short remarks, and she drew herself up and said, very gravely, ","I think, you ought to tell me who _you_ are, first.",Alice,The Caterpillar,NO MONOLOGUE,0,5,Anaphoric,she drew herself up and said
163,163,163,164, said the Caterpillar.,Why?,The Caterpillar,Alice,NO MONOLOGUE,0,5,Explicit,said the Caterpillar
165,165,165,166, the Caterpillar called after her. ,Come back! /newquote I've something important to say!,The Caterpillar,Alice,NO MONOLOGUE,0,5,Explicit,the Caterpillar called
167,167,167,168, said the Caterpillar.,"Keep your temper,",The Caterpillar,Alice,NO MONOLOGUE,0,5,Explicit,said the Caterpillar
168,168,168,169," said Alice, swallowing down her anger as well as she could.",Is that all?,Alice,The Caterpillar,NO MONOLOGUE,0,5,Explicit,said Alice
170,170,170,171,"Alice thought she might as well wait, as she had nothing else to do, and perhaps after all it might tell her something worth hearing. For some minutes it puffed away without speaking, but at last it unfolded its arms, took the hookah out of its mouth again, and said, ","So you think you're changed, do you?",Alice,The Caterpillar,NO MONOLOGUE,0,5,Anaphoric,it unfolded its arms took the hookah out of its mouth again and said
171,171,171,172, said Alice; ,"I'm afraid I am, sir, /newquote I can't remember things as I used--and I don't keep the same size for ten minutes together!",Alice,The Caterpillar,NO MONOLOGUE,0,5,Explicit,said Alice
172,172,172,173, said the Caterpillar.,Can't remember _what_ things?,The Caterpillar,Alice,NO MONOLOGUE,0,5,Explicit,said the Caterpillar
173,173,173,174,"How doth the little busy bee, /newquote  Alice replied in a very melancholy voice.","Well, I've tried to say  /newquote  but it all came different!",Alice,The Caterpillar,NO MONOLOGUE,0,5,Explicit,Alice replied
174,174,174,175, said the Caterpillar.,"Repeat, '_You are old, Father William_,'",Alice,The Caterpillar,NO MONOLOGUE,0,5,Explicit,Alice began to get rather sleepy and went on saying to herself
176,176,176,177," the young man said,     ","You are old, Father William, /newquote And your hair has become very white; And yet you incessantly stand on your head--     Do you think, at your age, it is right?",Alice,"['The Hatter', 'The Frog-Footman', 'The Mouse', 'The Caterpillar']",NO MONOLOGUE,0,5,Explicit,said Alice
179,179,179,180," said the sage, as he shook his grey locks,     ","In my youth, /newquote I kept all my limbs very supple By the use of this ointment--one shilling the box--     Allow me to sell you a couple?",Alice,"['The Hatter', 'The Frog-Footman', 'The Mouse', 'The Caterpillar']",NO MONOLOGUE,0,5,Explicit,Alice began to get rather sleepy and went on saying to herself
182,182,182,183," said the youth, ","You are old, /newquote one would hardly suppose     That your eye was as steady as ever; Yet you balanced an eel on the end of your nose--     What made you so awfully clever?",The Frog-Footman,"['The Hatter', 'The Mouse', 'Alice', 'The Caterpillar']",NO MONOLOGUE,0,5,Explicit,said the Footman
184,184,184,185, said the Caterpillar.,"That is not said right,",The Caterpillar,"['The Hatter', 'The Frog-Footman', 'The Mouse', 'Alice']",NO MONOLOGUE,0,5,Explicit,said the Caterpillar
185,185,185,186," said Alice, timidly; ","Not _quite_ right, I'm afraid, /newquote some of the words have got altered.",Alice,"['The Hatter', 'The Frog-Footman', 'The Mouse', 'The Caterpillar']",NO MONOLOGUE,0,5,Explicit,said Alice
186,186,186,187," said the Caterpillar decidedly, and there was silence for some minutes.","It is wrong from beginning to end,",The Caterpillar,"['The Hatter', 'The Frog-Footman', 'The Mouse', 'Alice']",NO MONOLOGUE,0,5,Explicit,said the Caterpillar
188,188,188,189, it asked.,What size do you want to be?,The Caterpillar,Alice,NO MONOLOGUE,0,5,Anaphoric,it asked
189,189,189,190, Alice hastily replied; ,"Oh, I'm not particular as to size, /newquote only one doesn't like changing so often, you know.",Alice,The Caterpillar,NO MONOLOGUE,0,5,Explicit,Alice hastily replied
190,190,190,191, said the Caterpillar.,"I _don't_ know,",The Caterpillar,Alice,NO MONOLOGUE,0,5,Explicit,said the Caterpillar
192,192,192,193, said the Caterpillar.,Are you content now?,The Caterpillar,Alice,NO MONOLOGUE,0,5,Explicit,said the Caterpillar
193,193,193,194, said Alice: ,"Well, I should like to be a _little_ larger, sir, if you wouldn't mind, /newquote three inches is such a wretched height to be.",Alice,The Caterpillar,NO MONOLOGUE,0,5,Explicit,said Alice
194,194,194,195," said the Caterpillar angrily, rearing itself upright as it spoke (it was exactly three inches high).",It is a very good height indeed!,The Caterpillar,Alice,NO MONOLOGUE,0,5,Explicit,said the Caterpillar
195,195,195,196," pleaded poor Alice in a piteous tone. And she thought of herself, ",But I'm not used to it! /newquote I wish the creatures wouldn't be so easily offended!,[],"['Alice', 'The Caterpillar']",NO MONOLOGUE,0,5,Explicit,
196,196,196,197, said the Caterpillar; and it put the hookah into its mouth and began smoking again.,"You'll get used to it in time,",The Caterpillar,Alice,NO MONOLOGUE,0,5,Explicit,said the Caterpillar
197,197,197,198,"This time Alice waited patiently until it chose to speak again. In a minute or two the Caterpillar took the hookah out of its mouth and yawned once or twice, and shook itself. Then it got down off the mushroom, and crawled away in the grass, merely remarking as it went, ","One side will make you grow taller, and the other side will make you grow shorter.",[],"['Alice', 'The Caterpillar']",NO MONOLOGUE,0,5,Anaphoric,it got down off the mushroom and crawled away in the grass merely remarking
198,198,198,199, thought Alice to herself.,One side of _what?_ The other side of _what?_,Alice,The Caterpillar,NO MONOLOGUE,0,5,Explicit,thought Alice to herself
199,199,199,200," said the Caterpillar, just as if she had asked it aloud; and in another moment it was out of sight.","Of the mushroom,",The Caterpillar,Alice,NO MONOLOGUE,0,5,Explicit,said the Caterpillar
201,201,201,202," she said to herself, and nibbled a little of the right-hand bit to try the effect: the next moment she felt a violent blow underneath her chin: it had struck her foot!",And now which is which?,Alice,Alice,NO MONOLOGUE,0,5,Anaphoric,she said to herself
209,209,209,210, screamed the Pigeon.,Serpent!,The Pigeon,Alice,NO MONOLOGUE,0,5,Explicit,screamed the Pigeon
210,210,210,211, said Alice indignantly. ,I'm _not_ a serpent! /newquote Let me alone!,Alice,The Pigeon,NO MONOLOGUE,0,5,Explicit,said Alice
211,211,211,212," repeated the Pigeon, but in a more subdued tone, and added with a kind of sob, ","Serpent, I say again! /newquote I've tried every way, and nothing seems to suit them!",The Pigeon,Alice,NO MONOLOGUE,0,5,Explicit,repeated the Pigeon
212,212,212,213, said Alice.,"I haven't the least idea what you're talking about,",Alice,The Pigeon,NO MONOLOGUE,0,5,Explicit,said Alice
213,213,213,214," the Pigeon went on, without attending to her; ","I've tried the roots of trees, and I've tried banks, and I've tried hedges, /newquote but those serpents! There's no pleasing them!",The Pigeon,Alice,NO MONOLOGUE,0,5,Explicit,the Pigeon went on
215,215,215,216, said the Pigeon; ,"As if it wasn't trouble enough hatching the eggs, /newquote but I must be on the look-out for serpents night and day! Why, I haven't had a wink of sleep these three weeks!",The Pigeon,Alice,NO MONOLOGUE,0,5,Explicit,said the Pigeon
216,216,216,217," said Alice, who was beginning to see its meaning.","I'm very sorry you've been annoyed,",Alice,The Pigeon,NO MONOLOGUE,0,5,Explicit,said Alice
217,217,217,218," continued the Pigeon, raising its voice to a shriek, ","And just as I'd taken the highest tree in the wood, /newquote and just as I was thinking I should be free of them at last, they must needs come wriggling down from the sky! Ugh, Serpent!",The Pigeon,Alice,NO MONOLOGUE,0,5,Explicit,continued the Pigeon
218,218,218,219, said Alice. ,"But I'm _not_ a serpent, I tell you! /newquote I'm a--I'm a--",Alice,The Pigeon,NO MONOLOGUE,0,5,Explicit,said Alice
219,219,219,220, said the Pigeon. ,Well! _What_ are you? /newquote I can see you're trying to invent something!,The Pigeon,Alice,NO MONOLOGUE,0,5,Explicit,said the Pigeon
220,220,220,221," said Alice, rather doubtfully, as she remembered the number of changes she had gone through that day.","I--I'm a little girl,",Alice,The Pigeon,NO MONOLOGUE,0,5,Explicit,said Alice
221,221,221,222, said the Pigeon in a tone of the deepest contempt. ,"A likely story indeed! /newquote I've seen a good many little girls in my time, but never _one_ with such a neck as that! No, no! You're a serpent; and there's no use denying it. I suppose you'll be telling me next that you never tasted an egg!",The Pigeon,Alice,NO MONOLOGUE,0,5,Explicit,said the Pigeon
222,222,222,223," said Alice, who was a very truthful child; ","I _have_ tasted eggs, certainly, /newquote but little girls eat eggs quite as much as serpents do, you know.",Alice,The Pigeon,NO MONOLOGUE,0,5,Explicit,said Alice
223,223,223,224, said the Pigeon; ,"I don't believe it, /newquote but if they do, why then they're a kind of serpent, that's all I can say.",The Pigeon,Alice,NO MONOLOGUE,0,5,Explicit,said the Pigeon
224,224,224,225,"This was such a new idea to Alice, that she was quite silent for a minute or two, which gave the Pigeon the opportunity of adding, ","You're looking for eggs, I know _that_ well enough; and what does it matter to me whether you're a little girl or a serpent?",The Pigeon,Alice,NO MONOLOGUE,0,5,Explicit,the Pigeon the opportunity of adding
225,225,225,226, said Alice hastily; ,"It matters a good deal to _me_, /newquote but I'm not looking for eggs, as it happens; and if I was, I shouldn't want _yours_: I don't like them raw.",Alice,The Pigeon,NO MONOLOGUE,0,5,Explicit,said Alice
226,226,226,227," said the Pigeon in a sulky tone, as it settled down again into its nest. Alice crouched down among the trees as well as she could, for her neck kept getting entangled among the branches, and every now and then she had to stop and untwist it. After a while she remembered that she still held the pieces of mushroom in her hands, and she set to work very carefully, nibbling first at one and then at the other, and growing sometimes taller and sometimes shorter, until she had succeeded in bringing herself down to her usual height.","Well, be off, then!",The Pigeon,Alice,NO MONOLOGUE,0,5,Explicit,said the Pigeon
227,227,227,228,"It was so long since she had been anything near the right size, that it felt quite strange at first; but she got used to it in a few minutes, and began talking to herself, as usual.  /newquote  As she said this, she came suddenly upon an open place, with a little house in it about four feet high.  /newquote  thought Alice,  /newquote  So she began nibbling at the righthand bit again, and did not venture to go near the house till she had brought herself down to nine inches high.","Come, there's half my plan done now! How puzzling all these changes are! I'm never sure what I'm going to be, from one minute to another! However, I've got back to my right size: the next thing is, to get into that beautiful garden--how _is_ that to be done, I wonder? /newquote Whoever lives there, /newquote it'll never do to come upon them _this_ size: why, I should frighten them out of their wits!",Alice,The Pigeon,NO MONOLOGUE,0,5,Anaphoric,got used to it in a few minutes and began talking to herself
230,230,230,231,"The Fish-Footman began by producing from under his arm a great letter, nearly as large as himself, and this he handed over to the other, saying, in a solemn tone,  /newquote  The Frog-Footman repeated, in the same solemn tone, only changing the order of the words a little, ",For the Duchess. An invitation from the Queen to play croquet. /newquote From the Queen. An invitation for the Duchess to play croquet.,The Fish-Footman,The Frog-Footman,NO MONOLOGUE,0,6,Anaphoric,he handed over to the other saying
234,234,234,235," said the Footman,  /newquote  And certainly there _was_ a most extraordinary noise going on within--a constant howling and sneezing, and every now and then a great crash, as if a dish or kettle had been broken to pieces.","There's no sort of use in knocking, /newquote and that for two reasons. First, because I'm on the same side of the door as you are; secondly, because they're making such a noise inside, no one could possibly hear you.",The Frog-Footman,Alice,NO MONOLOGUE,0,6,Explicit,said the Footman
235,235,235,236," said Alice, ","Please, then, /newquote how am I to get in?",Alice,The Frog-Footman,NO MONOLOGUE,0,6,Explicit,said Alice
236,236,236,237," the Footman went on without attending to her,  /newquote  He was looking up into the sky all the time he was speaking, and this Alice thought decidedly uncivil.  /newquote  she said to herself;  /newquote  she repeated, aloud.","There might be some sense in your knocking, /newquote if we had the door between us. For instance, if you were _inside_, you might knock, and I could let you out, you know. /newquote But perhaps he can't help it, /newquote his eyes are so _very_ nearly at the top of his head. But at any rate he might answer questions.--How am I to get in?",The Frog-Footman,Alice,NO MONOLOGUE,0,6,Explicit,the Footman went on
237,237,237,238," the Footman remarked, ","I shall sit here, /newquote till tomorrow--",The Frog-Footman,Alice,NO MONOLOGUE,0,6,Explicit,the Footman remarked
239,239,239,240," the Footman continued in the same tone, exactly as if nothing had happened.","--or next day, maybe,",The Frog-Footman,Alice,NO MONOLOGUE,0,6,Explicit,the Footman continued
240,240,240,241," asked Alice again, in a louder tone.",How am I to get in?,Alice,The Frog-Footman,NO MONOLOGUE,0,6,Anaphoric,she repeated
241,241,241,242, said the Footman. ,"_Are_ you to get in at all? /newquote That's the first question, you know.",The Frog-Footman,Alice,NO MONOLOGUE,0,6,Explicit,said the Footman
242,242,242,243,"It was, no doubt: only Alice did not like to be told so.  /newquote  she muttered to herself, ","It's really dreadful, /newquote the way all the creatures argue. It's enough to drive one crazy!",Alice,The Frog-Footman,NO MONOLOGUE,0,6,Anaphoric,she muttered to herself
243,243,243,244,"The Footman seemed to think this a good opportunity for repeating his remark, with variations.  /newquote  he said, ","I shall sit here, /newquote on and off, for days and days.",The Frog-Footman,Alice,NO MONOLOGUE,0,6,Anaphoric,he said
244,244,244,245, said Alice.,But what am _I_ to do?,Alice,The Frog-Footman,NO MONOLOGUE,0,6,Explicit,said Alice
245,245,245,246," said the Footman, and began whistling.","Anything you like,",The Frog-Footman,Alice,NO MONOLOGUE,0,6,Explicit,said the Footman
246,246,246,247, said Alice desperately:  /newquote  And she opened the door and went in.,"Oh, there's no use in talking to him, /newquote he's perfectly idiotic!",Alice,The Frog-Footman,NO MONOLOGUE,0,6,Explicit,said Alice
248,248,248,249," Alice said to herself, as well as she could for sneezing.",There's certainly too much pepper in that soup!,Alice,Alice,NO MONOLOGUE,0,6,Explicit,Alice said to herself
273,273,273,274,"As soon as she had made out the proper way of nursing it, (which was to twist it up into a sort of knot, and then keep tight hold of its right ear and left foot, so as to prevent its undoing itself,) she carried it out into the open air.  /newquote  thought Alice,  /newquote  She said the last words out loud, and the little thing grunted in reply (it had left off sneezing by this time).  /newquote  said Alice; ","If I don't take this child away with me, /newquote they're sure to kill it in a day or two: wouldn't it be murder to leave it behind? /newquote Don't grunt, /newquote that's not at all a proper way of expressing yourself.",The Duchess,Alice,NO MONOLOGUE,0,6,Anaphoric,She said
275,275,275,276,"No, there were no tears.  /newquote  said Alice, seriously,  /newquote  The poor little thing sobbed again (or grunted, it was impossible to say which), and they went on for some while in silence.","If you're going to turn into a pig, my dear, /newquote I'll have nothing more to do with you. Mind now!",Alice,The Duchess,NO MONOLOGUE,0,6,Explicit,said Alice
276,276,276,277,"Alice was just beginning to think to herself,  /newquote  when it grunted again, so violently, that she looked down into its face in some alarm. This time there could be _no_ mistake about it: it was neither more nor less than a pig, and she felt that it would be quite absurd for her to carry it further.","Now, what am I to do with this creature when I get it home?",Alice,The Duchess,NO MONOLOGUE,0,6,Explicit,Alice was just beginning to think to herself
277,277,277,278,"So she set the little creature down, and felt quite relieved to see it trot away quietly into the wood.  /newquote  she said to herself,  /newquote  And she began thinking over other children she knew, who might do very well as pigs, and was just saying to herself,  /newquote  when she was a little startled by seeing the Cheshire Cat sitting on a bough of a tree a few yards off.","If it had grown up, /newquote it would have made a dreadfully ugly child: but it makes rather a handsome pig, I think. /newquote if one only knew the right way to change them--",Alice,The Duchess,NO MONOLOGUE,0,6,Anaphoric,she said to herself
279,279,279,280," she began, rather timidly, as she did not at all know whether it would like the name: however, it only grinned a little wider.  /newquote  thought Alice, and she went on. ","Cheshire Puss, /newquote Come, it's pleased so far, /newquote Would you tell me, please, which way I ought to go from here?",Alice,The Cat,NO MONOLOGUE,0,6,Anaphoric,she went on
280,280,280,281, said the Cat.,"That depends a good deal on where you want to get to,",The Cat,Alice,NO MONOLOGUE,0,6,Explicit,said the Cat
281,281,281,282, said Alice.,I don't much care where--,Alice,The Cat,NO MONOLOGUE,0,6,Explicit,said Alice
282,282,282,283, said the Cat.,"Then it doesn't matter which way you go,",The Cat,Alice,NO MONOLOGUE,0,6,Explicit,said the Cat
283,283,283,284, Alice added as an explanation.,"--so long as I get _somewhere_,",Alice,The Cat,NO MONOLOGUE,0,6,Explicit,Alice added
284,284,284,285," said the Cat, ","Oh, you're sure to do that, /newquote if you only walk long enough.",The Cat,Alice,NO MONOLOGUE,0,6,Explicit,said the Cat
285,285,285,286,"Alice felt that this could not be denied, so she tried another question. ",What sort of people live about here?,Alice,The Cat,NO MONOLOGUE,0,6,Anaphoric,she tried
286,286,286,287," the Cat said, waving its right paw round,  /newquote  waving the other paw, ","In _that_ direction, /newquote lives a Hatter: and in _that_ direction, /newquote lives a March Hare. Visit either you like: they're both mad.",The Cat,Alice,NO MONOLOGUE,0,6,Explicit,the Cat said
287,287,287,288, Alice remarked.,"But I don't want to go among mad people,",Alice,The Cat,NO MONOLOGUE,0,6,Explicit,Alice remarked
288,288,288,289, said the Cat: ,"Oh, you can't help that, /newquote we're all mad here. I'm mad. You're mad.",The Cat,Alice,NO MONOLOGUE,0,6,Explicit,said the Cat
289,289,289,290, said Alice.,How do you know I'm mad?,Alice,The Cat,NO MONOLOGUE,0,6,Explicit,said Alice
290,290,290,291," said the Cat, ","You must be, /newquote or you wouldn't have come here.",The Cat,Alice,NO MONOLOGUE,0,6,Explicit,said the Cat
291,291,291,292,"Alice didn't think that proved it at all; however, she went on ",And how do you know that you're mad?,Alice,The Cat,NO MONOLOGUE,0,6,Anaphoric,she went on
292,292,292,293," said the Cat, ","To begin with, /newquote a dog's not mad. You grant that?",The Cat,Alice,NO MONOLOGUE,0,6,Explicit,said the Cat
293,293,293,294, said Alice.,"I suppose so,",Alice,The Cat,NO MONOLOGUE,0,6,Explicit,said Alice
294,294,294,295," the Cat went on, ","Well, then, /newquote you see, a dog growls when it's angry, and wags its tail when it's pleased. Now _I_ growl when I'm pleased, and wag my tail when I'm angry. Therefore I'm mad.",The Cat,Alice,NO MONOLOGUE,0,6,Explicit,the Cat went on
295,295,295,296, said Alice.,"_I_ call it purring, not growling,",Alice,The Cat,NO MONOLOGUE,0,6,Explicit,said Alice
296,296,296,297, said the Cat. ,"Call it what you like, /newquote Do you play croquet with the Queen to-day?",The Cat,Alice,NO MONOLOGUE,0,6,Explicit,said the Cat
297,297,297,298," said Alice, ","I should like it very much, /newquote but I haven't been invited yet.",Alice,The Cat,NO MONOLOGUE,0,6,Explicit,said Alice
298,298,298,299," said the Cat, and vanished.","You'll see me there,",The Cat,Alice,NO MONOLOGUE,0,6,Explicit,said the Cat
300,300,300,301, said the Cat. ,"By-the-bye, what became of the baby? /newquote I'd nearly forgotten to ask.",The Cat,Alice,NO MONOLOGUE,0,6,Explicit,said the Cat
301,301,301,302," Alice quietly said, just as if it had come back in a natural way.","It turned into a pig,",Alice,The Cat,NO MONOLOGUE,0,6,Explicit,Alice quietly said
302,302,302,303," said the Cat, and vanished again.","I thought it would,",The Cat,Alice,NO MONOLOGUE,0,6,Explicit,said the Cat
303,303,303,304,"Alice waited a little, half expecting to see it again, but it did not appear, and after a minute or two she walked on in the direction in which the March Hare was said to live.  /newquote  she said to herself;  /newquote  As she said this, she looked up, and there was the Cat again, sitting on a branch of a tree.","I've seen hatters before, /newquote the March Hare will be much the most interesting, and perhaps as this is May it won't be raving mad--at least not so mad as it was in March.",Alice,The Cat,NO MONOLOGUE,0,6,Anaphoric,she said to herself
304,304,304,305, said the Cat.,"Did you say pig, or fig?",The Cat,Alice,NO MONOLOGUE,0,6,Explicit,said the Cat
305,305,305,306, replied Alice; ,"I said pig, /newquote and I wish you wouldn't keep appearing and vanishing so suddenly: you make one quite giddy.",Alice,The Cat,NO MONOLOGUE,0,6,Explicit,replied Alice
306,306,306,307," said the Cat; and this time it vanished quite slowly, beginning with the end of the tail, and ending with the grin, which remained some time after the rest of it had gone.","All right,",The Cat,Alice,NO MONOLOGUE,0,6,Explicit,said the Cat
308,308,308,309,"She had not gone much farther before she came in sight of the house of the March Hare: she thought it must be the right house, because the chimneys were shaped like ears and the roof was thatched with fur. It was so large a house, that she did not like to go nearer till she had nibbled some more of the lefthand bit of mushroom, and raised herself to about two feet high: even then she walked up towards it rather timidly, saying to herself ",Suppose it should be raving mad after all! I almost wish I'd gone to see the Hatter instead!,The Cat,Alice,NO MONOLOGUE,0,6,Anaphoric,she walked up towards it rather timidly saying to herself
353,353,353,354,( /newquote  the March Hare said to itself in a whisper.),"I only wish it was,",Hare,"['The Dormouse', 'The Dormouse', 'Pat', 'Alice', 'The Hatter']",NO MONOLOGUE,0,7,Explicit,the March Hare said to itself
414,414,414,415,"Once more she found herself in the long hall, and close to the little glass table.  /newquote  she said to herself, and began by taking the little golden key, and unlocking the door that led into the garden. Then she went to work nibbling at the mushroom (she had kept a piece of it in her pocket) till she was about a foot high: then she walked down the little passage: and _then_--she found herself at last in the beautiful garden, among the bright flower-beds and the cool fountains.","Now, I'll manage better this time,",Alice,[],NO MONOLOGUE,0,7,Anaphoric,she said to herself
430,430,430,431," said Alice very politely; but she added, to herself, ","My name is Alice, so please your Majesty, /newquote Why, they're only a pack of cards, after all. I needn't be afraid of them!",The Queen,"['Alice', 'The King Of Hearts']",NO MONOLOGUE,0,8,Anaphoric,she added to herself
449,449,449,450," said a timid voice at her side. She was walking by the White Rabbit, who was peeping anxiously into her face.",It's--it's a very fine day!,Alice,"['The White Rabbit', 'The Queen']",NO MONOLOGUE,0,8,Anaphoric,said a timid voice
451,451,451,452," said the Rabbit in a low, hurried tone. He looked anxiously over his shoulder as he spoke, and then raised himself upon tiptoe, put his mouth close to her ear, and whispered ",Hush! Hush! /newquote She's under sentence of execution.,The White Rabbit,"['Alice', 'The Queen']",NO MONOLOGUE,0,8,Explicit,said the Rabbit
453,453,453,454, the Rabbit asked.,Did you say 'What a pity!'?,The White Rabbit,"['Alice', 'The Queen']",NO MONOLOGUE,0,8,Explicit,the Rabbit asked
454,454,454,455, said Alice: ,"No, I didn't, /newquote I don't think it's at all a pity. I said 'What for?'",Alice,"['The White Rabbit', 'The Queen']",NO MONOLOGUE,0,8,Explicit,said Alice
455,455,455,456, the Rabbit began. Alice gave a little scream of laughter.  /newquote  the Rabbit whispered in a frightened tone. ,"She boxed the Queen's ears-- /newquote Oh, hush! /newquote The Queen will hear you! You see, she came rather late, and the Queen said--",The White Rabbit,"['Alice', 'The Queen']",NO MONOLOGUE,0,8,Explicit,the Rabbit began
460,460,460,461,"She was looking about for some way of escape, and wondering whether she could get away without being seen, when she noticed a curious appearance in the air: it puzzled her very much at first, but, after watching it a minute or two, she made it out to be a grin, and she said to herself ",It's the Cheshire Cat: now I shall have somebody to talk to.,The Queen,"['The Cat', 'Alice']",NO MONOLOGUE,0,8,Anaphoric,she said to herself
461,461,461,462," said the Cat, as soon as there was mouth enough for it to speak with.",How are you getting on?,The Cat,"['The Queen', 'Alice']",NO MONOLOGUE,0,8,Explicit,said the Cat
463,463,463,464," Alice began, in rather a complaining tone, ","I don't think they play at all fairly, /newquote and they all quarrel so dreadfully one can't hear oneself speak--and they don't seem to have any rules in particular; at least, if there are, nobody attends to them--and you've no idea how confusing it is all the things being alive; for instance, there's the arch I've got to go through next walking about at the other end of the ground--and I should have croqueted the Queen's hedgehog just now, only it ran away when it saw mine coming!",Alice,"['The Queen', 'The Cat']",NO MONOLOGUE,0,8,Explicit,Alice began
464,464,464,465, said the Cat in a low voice.,How do you like the Queen?,The Cat,"['The Queen', 'Alice']",NO MONOLOGUE,0,8,Explicit,said the Cat
488,488,488,489," said the Duchess, as she tucked her arm affectionately into Alice's, and they walked off together.","You can't think how glad I am to see you again, you dear old thing!",The Duchess,Alice,NO MONOLOGUE,0,9,Explicit,said the Duchess
490,490,490,491," she said to herself, (not in a very hopeful tone though),  /newquote  she went on, very much pleased at having found out a new kind of rule, ","When _I'm_ a Duchess, /newquote I won't have any pepper in my kitchen _at all_. Soup does very well without--Maybe it's always pepper that makes people hot-tempered, /newquote and vinegar that makes them sour--and camomile that makes them bitter--and--and barley-sugar and such things that make children sweet-tempered. I only wish people knew _that_: then they wouldn't be so stingy about it, you know--",Alice,The Duchess,NO MONOLOGUE,0,9,Anaphoric,she said to herself
491,491,491,492,"She had quite forgotten the Duchess by this time, and was a little startled when she heard her voice close to her ear. ","You're thinking about something, my dear, and that makes you forget to talk. I can't tell you just now what the moral of that is, but I shall remember it in a bit.",The Duchess,Alice,NO MONOLOGUE,0,9,Anaphoric,she heard her voice
492,492,492,493, Alice ventured to remark.,"Perhaps it hasn't one,",Alice,The Duchess,NO MONOLOGUE,0,9,Explicit,Alice ventured to remark
493,493,493,494, said the Duchess.  /newquote  And she squeezed herself up closer to Alice's side as she spoke.,"Tut, tut, child! /newquote Everything's got a moral, if only you can find it.",The Duchess,Alice,NO MONOLOGUE,0,9,Explicit,said the Duchess
495,495,495,496," she said, by way of keeping up the conversation a little.","The game's going on rather better now,",Alice,The Duchess,NO MONOLOGUE,0,9,Anaphoric,she said
496,496,496,497, said the Duchess: ,"'Tis so, /newquote and the moral of that is--'Oh, 'tis love, 'tis love, that makes the world go round!'",The Duchess,Alice,NO MONOLOGUE,0,9,Explicit,said the Duchess
497,497,497,498," Alice whispered, ","Somebody said, /newquote that it's done by everybody minding their own business!",Alice,The Duchess,NO MONOLOGUE,0,9,Explicit,Alice whispered
498,498,498,499," said the Duchess, digging her sharp little chin into Alice's shoulder as she added, ","Ah, well! It means much the same thing, /newquote and the moral of _that_ is--'Take care of the sense, and the sounds will take care of themselves.'",The Duchess,Alice,NO MONOLOGUE,0,9,Explicit,said the Duchess
499,499,499,500, Alice thought to herself.,How fond she is of finding morals in things!,Alice,The Duchess,NO MONOLOGUE,0,9,Explicit,Alice thought to herself
500,500,500,501, the Duchess said after a pause: ,"I dare say you're wondering why I don't put my arm round your waist, /newquote the reason is, that I'm doubtful about the temper of your flamingo. Shall I try the experiment?",The Duchess,Alice,NO MONOLOGUE,0,9,Explicit,the Duchess said
501,501,501,502," Alice cautiously replied, not feeling at all anxious to have the experiment tried.","He might bite,",Alice,The Duchess,NO MONOLOGUE,0,9,Explicit,Alice cautiously replied
502,502,502,503, said the Duchess: ,"Very true, /newquote flamingoes and mustard both bite. And the moral of that is--'Birds of a feather flock together.'",The Duchess,Alice,NO MONOLOGUE,0,9,Explicit,said the Duchess
503,503,503,504, Alice remarked.,"Only mustard isn't a bird,",Alice,The Duchess,NO MONOLOGUE,0,9,Explicit,Alice remarked
504,504,504,505, said the Duchess: ,"Right, as usual, /newquote what a clear way you have of putting things!",The Duchess,Alice,NO MONOLOGUE,0,9,Explicit,said the Duchess
505,505,505,506, said Alice.,"It's a mineral, I _think_,",Alice,The Duchess,NO MONOLOGUE,0,9,Explicit,said Alice
506,506,506,507," said the Duchess, who seemed ready to agree to everything that Alice said; ","Of course it is, /newquote there's a large mustard-mine near here. And the moral of that is--'The more there is of mine, the less there is of yours.'",The Duchess,Alice,NO MONOLOGUE,0,9,Explicit,said the Duchess
507,507,507,508," exclaimed Alice, who had not attended to this last remark, ","Oh, I know! /newquote it's a vegetable. It doesn't look like one, but it is.",Alice,The Duchess,NO MONOLOGUE,0,9,Explicit,exclaimed Alice
508,508,508,509, said the Duchess; ,"I quite agree with you, /newquote and the moral of that is--'Be what you would seem to be'--or if you'd like it put more simply--'Never imagine yourself not to be otherwise than what it might appear to others that what you were or might have been was not otherwise than what you had been would have appeared to them to be otherwise.'",The Duchess,Alice,NO MONOLOGUE,0,9,Explicit,said the Duchess
509,509,509,510," Alice said very politely, ","I think I should understand that better, /newquote if I had it written down: but I can't quite follow it as you say it.",Alice,The Duchess,NO MONOLOGUE,0,9,Explicit,Alice said
510,510,510,511," the Duchess replied, in a pleased tone.","That's nothing to what I could say if I chose,",The Duchess,Alice,NO MONOLOGUE,0,9,Explicit,the Duchess replied
511,511,511,512, said Alice.,"Pray don't trouble yourself to say it any longer than that,",Alice,The Duchess,NO MONOLOGUE,0,9,Explicit,said Alice
512,512,512,513, said the Duchess. ,"Oh, don't talk about trouble! /newquote I make you a present of everything I've said as yet.",The Duchess,Alice,NO MONOLOGUE,0,9,Explicit,said the Duchess
514,514,514,515," the Duchess asked, with another dig of her sharp little chin.",Thinking again?,The Duchess,Alice,NO MONOLOGUE,0,9,Explicit,the Duchess asked
515,515,515,516," said Alice sharply, for she was beginning to feel a little worried.","I've a right to think,",Alice,The Duchess,NO MONOLOGUE,0,9,Explicit,said Alice
516,516,516,517," said the Duchess, ","Just about as much right, /newquote as pigs have to fly; and the m--",The Duchess,Alice,NO MONOLOGUE,0,9,Explicit,said the Duchess
521,521,521,522," the Queen said to Alice; and Alice was too much frightened to say a word, but slowly followed her back to the croquet-ground.","Let's go on with the game,",The Queen,Alice,NO MONOLOGUE,0,9,Explicit,the Queen said to Alice
529,529,529,530,"As they walked off together, Alice heard the King say in a low voice, to the company generally,  /newquote   /newquote  she said to herself, for she had felt quite unhappy at the number of executions the Queen had ordered.","You are all pardoned. /newquote Come, _that's_ a good thing!",Alice,"['The Queen', 'The Gryphon']",NO MONOLOGUE,0,9,Anaphoric,she said to herself
531,531,531,532,"The Gryphon sat up and rubbed its eyes: then it watched the Queen till she was out of sight: then it chuckled.  /newquote  said the Gryphon, half to itself, half to Alice.",What fun!,The Gryphon,"['The Queen', 'Alice']",NO MONOLOGUE,0,9,Explicit,said the Gryphon half to itself half to Alice
532,532,532,533, said Alice.,What _is_ the fun?,Alice,"['The Queen', 'The Gryphon']",NO MONOLOGUE,0,9,Explicit,said Alice
533,533,533,534, said the Gryphon. ,"Why, _she_, /newquote It's all her fancy, that: they never executes nobody, you know. Come on!",The Gryphon,"['The Queen', 'Alice']",NO MONOLOGUE,0,9,Explicit,said the Gryphon
535,535,535,536,"They had not gone far before they saw the Mock Turtle in the distance, sitting sad and lonely on a little ledge of rock, and, as they came nearer, Alice could hear him sighing as if his heart would break. She pitied him deeply.  /newquote  she asked the Gryphon, and the Gryphon answered, very nearly in the same words as before, ","What is his sorrow? /newquote It's all his fancy, that: he hasn't got no sorrow, you know. Come on!",The Gryphon,"['The Queen', 'Alice']",NO MONOLOGUE,0,9,Explicit,the Gryphon answered
539,539,539,540,"So they sat down, and nobody spoke for some minutes. Alice thought to herself,  /newquote  But she waited patiently.","I don't see how he can _ever_ finish, if he doesn't begin.",Alice,"['The Mock Turtle', 'The Gryphon']",NO MONOLOGUE,0,9,Explicit,Alice thought to herself
638,638,638,639,"You have baked me too brown, I must sugar my hair.","'Tis the voice of the Lobster; I heard him declare,  /newquote  As a duck with its eyelids, so he with his nose Trims his belt and his buttons, and turns out his toes.",Alice,"['The Mock Turtle', 'The Gryphon']",NO MONOLOGUE,0,10,Explicit,Alice
649,649,649,650,NO APPEND,"I passed by his garden, and marked, with one eye, How the Owl and the Panther were sharing a pie--",Alice,Alice,NO MONOLOGUE,0,10,Explicit,Alice began to get rather sleepy and went on saying to herself
657,657,657,658,NO APPEND,"Beautiful Soup! Who cares for fish, Game, or any other dish? Who would not give all else for two p ennyworth only of beautiful Soup? Pennyworth only of beautiful Soup?     Beau--ootiful Soo--oop!     Beau--ootiful Soo--oop! Soo--oop of the e--e--evening,     Beautiful, beauti--FUL SOUP!",Alice,The Gryphon,NO MONOLOGUE,0,10,Explicit,Alice began
659,659,659,660," cried the Gryphon, and, taking Alice by the hand, it hurried off, without waiting for the end of the song.",Come on!,The Gryphon,Alice,NO MONOLOGUE,0,10,Explicit,said the Gryphon
660,660,660,661," Alice panted as she ran; but the Gryphon only answered  /newquote  and ran the faster, while more and more faintly came, carried on the breeze that followed them, the melancholy words:--",What trial is it? /newquote Come on!,Alice,The Gryphon,NO MONOLOGUE,0,10,Explicit,Alice panted
664,664,664,665,"Alice had never been in a court of justice before, but she had read about them in books, and she was quite pleased to find that she knew the name of nearly everything there.  /newquote  she said to herself, ","That's the judge, /newquote because of his great wig.",Alice,[],NO MONOLOGUE,0,11,Anaphoric,she said to herself
667,667,667,668,The twelve jurors were all writing very busily on slates.  /newquote  Alice whispered to the Gryphon. ,"What are they doing? /newquote They can't have anything to put down yet, before the trial's begun.",The Gryphon,"['The White Rabbit', 'Alice']",NO MONOLOGUE,0,11,Explicit,Alice whispered to the Gryphon
668,668,668,669," the Gryphon whispered in reply, ","They're putting down their names, /newquote for fear they should forget them before the end of the trial.",The Gryphon,"['The White Rabbit', 'Alice']",NO MONOLOGUE,0,11,Explicit,the Gryphon whispered
692,692,692,693," said the Dormouse, who was sitting next to her. ",I wish you wouldn't squeeze so. /newquote I can hardly breathe.,The Dormouse,"['Alice', 'Hare', 'The Duck', 'The Hatter', 'The King Of Hearts']",NO MONOLOGUE,0,11,Explicit,said the Dormouse
693,693,693,694, said Alice very meekly: ,"I can't help it, /newquote I'm growing.",Alice,"['The Dormouse', 'Hare', 'The Duck', 'The Hatter', 'The King Of Hearts']",NO MONOLOGUE,0,11,Explicit,said Alice
694,694,694,695, said the Dormouse.,"You've no right to grow _here_,",The Dormouse,"['Alice', 'Hare', 'The Duck', 'The Hatter', 'The King Of Hearts']",NO MONOLOGUE,0,11,Explicit,said the Dormouse
695,695,695,696, said Alice more boldly: ,"Don't talk nonsense, /newquote you know you're growing too.",Alice,"['The Dormouse', 'Hare', 'The Duck', 'The Hatter', 'The King Of Hearts']",NO MONOLOGUE,0,11,Explicit,said Alice
696,696,696,697, said the Dormouse:  /newquote  And he got up very sulkily and crossed over to the other side of the court.,"Yes, but _I_ grow at a reasonable pace, /newquote not in that ridiculous fashion.",The Dormouse,"['Alice', 'Hare', 'The Duck', 'The Hatter', 'The King Of Hearts']",NO MONOLOGUE,0,11,Explicit,said the Dormouse
735,735,735,736," said the King, with an air of great relief.  /newquote  And he added in an undertone to the Queen, ","Never mind! /newquote Call the next witness. /newquote Really, my dear, _you_ must cross-examine the next witness. It quite makes my forehead ache!",The King Of Hearts,Alice,NO MONOLOGUE,0,11,Anaphoric,he added in an undertone to the Queen
736,736,736,737,"Alice watched the White Rabbit as he fumbled over the list, feeling very curious to see what the next witness would be like,  /newquote  she said to herself. Imagine her surprise, when the White Rabbit read out, at the top of his shrill little voice, the name ","--for they haven't got much evidence _yet_, /newquote Alice!",Alice,The King Of Hearts,NO MONOLOGUE,0,11,Anaphoric,she said to herself
738,738,738,739," cried Alice, quite forgetting in the flurry of the moment how large she had grown in the last few minutes, and she jumped up in such a hurry that she tipped over the jury-box with the edge of her skirt, upsetting all the jurymen on to the heads of the crowd below, and there they lay sprawling about, reminding her very much of a globe of goldfish she had accidentally upset the week before.",Here!,The White Rabbit,"['The King Of Hearts', 'Alice']",NO MONOLOGUE,0,12,Explicit,said the Rabbit
741,741,741,742,"Alice looked at the jury-box, and saw that, in her haste, she had put the Lizard in head downwards, and the poor little thing was waving its tail about in a melancholy way, being quite unable to move. She soon got it out again, and put it right;  /newquote  she said to herself; ","not that it signifies much, /newquote I should think it would be _quite_ as much use in the trial one way up as the other.",Alice,"['The White Rabbit', 'The King Of Hearts']",NO MONOLOGUE,0,12,Anaphoric,she said to herself
749,749,749,750, as if he were trying which word sounded best.,important--unimportant--unimportant--important--,The King Of Hearts,Alice,NO MONOLOGUE,0,12,Explicit,the King hastily said and went on to himself
750,750,750,751,"Some of the jury wrote it down  /newquote  and some  /newquote  Alice could see this, as she was near enough to look over their slates;  /newquote  she thought to herself.","important, /newquote unimportant. /newquote but it doesn't matter a bit,",The King Of Hearts,Alice,NO MONOLOGUE,0,12,Anaphoric,she thought to herself
751,751,751,752,"At this moment the King, who had been for some time busily writing in his note-book, cackled out  /newquote  and read out from his book, ",Silence! /newquote Rule Forty-two. _All persons more than a mile high to leave the court_.,Alice,The King Of Hearts,NO MONOLOGUE,0,12,Explicit,said Alice
802,802,802,803, said her sister; ,"Wake up, Alice dear! /newquote Why, what a long sleep you've had!",Alice'S Sister,[],NO MONOLOGUE,0,12,Explicit,said her sister
803,803,803,804," said Alice, and she told her sister, as well as she could remember them, all these strange Adventures of hers that you have just been reading about; and when she had finished, her sister kissed her, and said,  /newquote  So Alice got up and ran off, thinking while she ran, as well she might, what a wonderful dream it had been.","Oh, I've had such a curious dream! /newquote It _was_ a curious dream, dear, certainly: but now run in to your tea; it's getting late.",Alice'S Sister,[],NO MONOLOGUE,0,12,Explicit,her sister kissed her and said
